us_rank,university_name,teaching,international,research,citations,income,total_score,num_students,student_staff_ratio,international_students,female_male_ratio,HIGHDEG,ADM_RATE,ADM_RATE_ALL,SATVR25,SATVR75,SATMT25,SATMT75,SATWR25,SATWR75,SATVRMID,SATMTMID,SATWRMID,ACTCM25,ACTCM75,ACTEN25,ACTEN75,ACTMT25,ACTMT75,ACTWR25,ACTWR75,ACTCMMID,ACTENMID,ACTMTMID,ACTWRMID,SAT_AVG,SAT_AVG_ALL,UGDS,UGDS_WHITE,UGDS_BLACK,UGDS_HISP,UGDS_ASIAN,UGDS_AIAN,UGDS_NHPI,UGDS_2MOR,UGDS_NRA,UGDS_UNKN
1,California Institute of Technology,96.3,59.8,99.4,99.7,95.6,95.5,2243,6.9,27%,33 : 67,4,0.1055,0.1055,720,800,770,800,720,790,760,785,755,33,35,33,35,34,36,8,10,34,34,35,9,1534,1534,977,0.304,0.0174,0.1003,0.4248,0.0031,0,0.0594,0.089,0.002
2,Stanford University,95,56.6,98.8,99.3,62.4,93.7,15596,7.8,22%,42 : 58,4,0.0569,0.0569,680,780,700,790,690,780,730,745,735,31,34,32,35,31,35,NULL,NULL,33,34,33,NULL,1466,1466,6980,0.3702,0.063,0.1688,0.1908,0.009,0.0037,0.1079,0.0809,0.0056
3,Harvard University,94.9,63.7,98.6,99.2,39.9,93.6,20152,8.9,25%,,4,0.0584,0.0584,700,800,710,800,710,800,750,755,755,32,35,33,35,31,35,8,10,34,34,33,9,1501,1501,7278,0.4624,0.0653,0.0933,0.1777,0.0022,0.0008,0.0599,0.1028,0.0357
4,Massachusetts Institute of Technology,92.9,81.6,89.2,99.9,92.9,93.1,11074,9,33%,37 : 63,4,0.0815,0.0815,680,770,750,800,690,780,725,775,735,33,35,33,35,34,36,8,10,34,34,35,9,1503,1503,4510,0.3707,0.053,0.1643,0.2404,0.0027,0,0.0508,0.096,0.0222
5,Princeton University,89.5,54.5,99.4,99.8,79.5,92.7,7929,8.4,27%,45 : 55,4,0.0741,0.0741,700,800,710,800,710,790,750,755,750,31,35,32,35,30,35,8,10,33,34,33,9,1495,1495,5234,0.4713,0.0764,0.081,0.2008,0.0008,0.0006,0.0417,0.1087,0.0187
6,"University of California, Berkeley",85.1,49.7,99.3,99.3,65.4,90.5,36186,16.4,15%,50 : 50,4,0.18,0.18,590,720,630,770,620,750,655,700,685,27,33,26,34,27,34,NULL,NULL,30,30,31,NULL,1350,1350,25951,0.2857,0.0221,0.132,0.3494,0.0012,0.0028,0.0453,0.1313,0.0304
7,University of Chicago,89.6,55.3,92.9,98.7,-,90.4,14221,6.9,21%,42 : 58,4,0.0881,0.0881,720,800,720,790,700,780,760,755,740,32,35,33,35,31,35,8,10,34,34,33,9,1504,1504,5697,0.4546,0.0453,0.0869,0.1813,0.0018,0.0005,0.0374,0.0937,0.0985
8,Yale University,93.2,54.7,92.5,94.8,38.2,89.2,11751,4.4,20%,50 : 50,4,0.0705,0.0705,700,800,710,790,710,800,750,750,755,32,35,NULL,NULL,NULL,NULL,NULL,NULL,34,NULL,NULL,NULL,1497,1497,5422,0.4734,0.0673,0.1013,0.1645,0.0057,0.0006,0.0598,0.1051,0.0223
9,"University of California, Los Angeles",87.3,42.3,93.8,95.9,-,87.7,38206,10.3,15%,52 : 48,4,0.2199,0.2199,560,680,600,760,590,710,620,680,650,25,31,24,32,25,33,NULL,NULL,28,28,29,NULL,1289,1289,28667,0.2859,0.0261,0.1842,0.3099,0.0012,0.0036,0.0482,0.1176,0.0234
10,Columbia University,89.7,66.1,82,96.1,-,87,25055,5.9,28%,,4,0.0742,0.0742,690,780,700,790,690,780,735,745,735,31,34,32,35,29,35,8,10,33,34,32,9,1471,1471,7970,0.3922,0.0749,0.1358,0.1709,0.0055,0.0014,0.0449,0.1368,0.0376
11,University of Pennsylvania,90,38.1,89.4,96.2,43.7,86.6,20376,6.5,20%,51 : 49,4,0.1224,0.1224,670,760,690,780,690,780,715,735,735,30,34,31,35,30,35,8,10,32,33,33,9,1442,1442,10606,0.4629,0.0731,0.0998,0.1815,0.0014,0.0006,0.0359,0.1052,0.0396
12,Johns Hopkins University,81.8,57.3,85.5,95.3,100,85.6,15128,3.6,23%,50 : 50,4,0.1813,0.1813,650,740,670,770,660,750,695,720,705,30,34,30,34,29,35,8,10,32,32,32,9,1418,1418,5932,0.4872,0.0556,0.1015,0.1861,0.0012,0.0007,0.0406,0.1043,0.0228
13,Cornell University,77,53.8,92.1,91.8,39.5,83.3,21424,10.2,19%,48 : 52,4,0.1556,0.1556,640,740,680,780,650,750,690,730,700,30,34,NULL,NULL,NULL,NULL,NULL,NULL,32,NULL,NULL,NULL,1422,1422,14309,0.4268,0.0587,0.1116,0.1635,0.003,0.0003,0.0432,0.0939,0.0989
14,Northwestern University,77.6,33.8,87.3,98.2,64.4,83.1,18334,13.8,15%,48 : 52,4,0.1532,0.1532,690,760,700,790,690,770,725,745,730,31,34,32,35,30,35,8,10,33,34,33,9,1458,1458,8855,0.5432,0.0567,0.0966,0.1704,0.0026,0,0.0473,0.0688,0.0145
15,University of Michigan,76.1,47.6,91.4,91.6,53.9,82.6,41786,9,16%,48 : 52,4,0.3326,0.3326,620,720,660,760,630,730,670,710,680,28,32,27,31,28,34,NULL,NULL,30,29,31,NULL,1352,1352,28077,0.6272,0.0436,0.0412,0.1222,0.0016,0.0004,0.031,0.0667,0.0661
16,Carnegie Mellon University,71.8,51.4,87,95.5,55.9,81.5,11885,13.1,35%,39 : 61,4,0.2549,0.2549,640,740,700,790,650,750,690,745,700,30,34,30,34,30,34,NULL,NULL,32,32,32,NULL,1432,1432,5834,0.3877,0.0519,0.0754,0.2473,0.0005,0.0002,0.0415,0.1414,0.054
17,Duke University,72.3,45.8,81.5,97,100,81.2,15172,4.8,17%,49 : 51,4,0.1342,0.1342,670,760,690,790,680,780,715,740,730,30,34,30,35,31,35,8,10,32,33,33,9,1444,1444,6501,0.4861,0.1001,0.0611,0.2124,0.0062,0.0005,0.0174,0.0892,0.0271
18,University of Washington,74.7,39.1,81.3,97,41.3,79.9,44020,11.8,13%,53 : 47,4,0.5523,0.5778,520,650,580,710,530,640,585,645,585,25,30,24,31,25,31,8,9,28,28,28,9,1234,1203,28754,0.4399,0.0267,0.0692,0.2422,0.0066,0.0048,0.0518,0.1407,0.0181
19,Georgia Institute of Technology,70.2,66.3,79.5,90.3,74.9,78.8,19967,20.1,26%,31 : 69,4,0.5493,0.5493,600,700,660,760,610,700,650,710,655,28,32,28,33,29,34,8,9,30,31,32,9,1352,1352,13975,0.553,0.0628,0.065,0.175,0.0013,0.0009,0.0323,0.1048,0.0049
20,University of Texas at Austin,75.5,42.1,80.7,91,57.9,78.8,49427,17.4,9%,51 : 49,4,0.4019,0.4019,550,670,590,710,550,680,610,650,615,25,31,25,33,26,32,7,9,28,29,29,8,1262,1262,39323,0.4754,0.0429,0.2182,0.1792,0.0022,0.0011,0.0314,0.0465,0.0032
21,University of Wisconsin-Madison,76.1,29.8,80.1,88.2,54.8,76.9,39655,10.8,11%,51 : 49,4,0.6792,0.6792,530,650,630,750,580,670,590,690,625,26,30,26,32,26,31,8,9,28,29,29,9,1268,1268,29504,0.7713,0.0215,0.0459,0.0551,0.0022,0.0012,0.0264,0.0725,0.0038
22,University of Illinois at Urbana-Champaign,74.2,36,84.9,80.8,-,75.8,42727,18.7,20%,47 : 53,4,0.6239,0.6239,560,670,700,780,580,670,615,740,625,26,31,26,32,26,33,8,9,29,29,30,9,1303,1303,31663,0.5315,0.0554,0.0825,0.1518,0.0006,0.0015,0.0253,0.1462,0.0052
23,"University of California, Santa Barbara",56.1,58.3,73.5,99.4,100,75.6,22020,27.3,11%,52 : 48,4,0.4444,0.4444,530,650,560,690,550,660,590,625,605,24,29,23,30,24,30,NULL,NULL,27,27,27,NULL,1212,1212,19362,0.3965,0.0213,0.2481,0.1763,0.001,0.0007,0.0843,0.0397,0.032
24,"University of California, San Diego",63.4,34.2,79,96.2,43.9,75.2,27233,6.5,11%,48 : 52,4,0.375,0.375,550,660,620,730,580,690,605,675,635,25,31,24,31,26,33,NULL,NULL,28,28,30,NULL,1276,1276,23792,0.2357,0.0119,0.1581,0.4011,0.0013,0.0041,0.0476,0.1181,0.0222
25,New York University,73.8,38.7,67.4,89.2,29.5,72.8,42056,6.8,19%,55 : 45,4,0.2605,0.2881,620,720,630,740,640,730,670,685,685,28,32,NULL,NULL,NULL,NULL,NULL,NULL,30,NULL,NULL,NULL,1352,1348,22172,0.3837,0.0467,0.1052,0.1837,0.0024,0.0009,0.0346,0.1363,0.1065
26,University of North Carolina at Chapel Hill,70.4,32.9,69.3,90.1,40,72.4,26518,7.3,8%,58 : 42,4,0.2759,0.2759,590,700,610,710,580,690,645,660,635,28,32,28,34,27,33,8,9,30,31,30,9,1313,1313,17882,0.6632,0.0838,0.0707,0.0884,0.0048,0.0014,0.0373,0.0247,0.0257
27,"University of California, Davis",67.9,51.7,71.6,82.7,52.5,71.8,35364,13.9,13%,54 : 46,4,0.4521,0.4521,510,640,560,680,530,650,575,620,590,23,29,22,30,24,30,NULL,NULL,26,26,27,NULL,1192,1192,26483,0.3125,0.0211,0.172,0.3551,0.002,0.0048,0.0511,0.0618,0.0196
28,Washington University in St Louis,66,44.3,62.8,95.2,-,71.8,12528,5.7,17%,,4,0.1555,0.1555,700,760,720,790,700,770,730,755,735,32,34,33,35,31,35,8,10,33,34,33,9,1474,1474,6851,0.5529,0.0587,0.0558,0.1738,0.0013,0.0001,0.038,0.0775,0.0419
29,University of Minnesota,66.1,28.7,74,84.7,-,70.5,46825,18,13%,52 : 48,4,0.7822,0.7822,460,590,490,620,410,570,525,555,490,22,26,20,25,22,27,6,8,24,23,25,7,1109,1109,9239,0.8759,0.0195,0.0203,0.0291,0.0043,0.0008,0.0246,0.0184,0.0071
30,Brown University,63.7,36.9,60.3,94.1,29.9,68.9,8653,10.1,19%,,4,0.0918,0.0918,660,760,670,780,670,770,710,725,720,29,34,29,35,28,34,NULL,NULL,32,32,31,NULL,1425,1425,6182,0.4327,0.0642,0.1084,0.1233,0.0039,0.001,0.0537,0.1166,0.0962
31,Ohio State University,66.7,46.3,60.9,80.1,49.5,67,51462,13.4,12%,49 : 51,4,0.5553,0.5553,540,660,610,720,550,660,600,665,605,27,31,26,32,26,31,8,9,29,29,29,9,1289,1289,43139,0.7233,0.0598,0.0338,0.0539,0.0016,0.0006,0.0263,0.0743,0.0263
32,Boston University,65.4,39.2,50.9,94.2,30.6,66.8,24789,8.6,17%,58 : 42,4,0.4561,0.4561,570,670,610,720,600,690,620,665,645,26,30,26,32,25,30,8,9,28,29,28,9,1279,1279,16460,0.4733,0.0323,0.0928,0.1326,0.0007,0.001,0.0376,0.1586,0.071
33,University of Southern California,68.4,43.4,57.1,81.9,33.5,66.3,36534,12.9,20%,52 : 48,4,0.1984,0.1984,620,720,660,760,640,750,670,710,695,29,33,28,34,29,34,NULL,NULL,31,31,32,NULL,1380,1380,18087,0.3812,0.0442,0.1355,0.2306,0.0013,0.0012,0.0475,0.1209,0.0378
34,Pennsylvania State University,55,34.9,69.2,81.4,59.7,65.8,44501,12.4,12%,46 : 54,4,0.542,0.6488,530,630,560,670,540,640,580,615,590,25,29,24,30,25,30,8,9,27,27,28,9,1199,1087,39460,0.7213,0.0427,0.0546,0.0546,0.0007,0.0006,0.0232,0.0894,0.0128
35,Purdue University,59.8,54.8,71.9,63.1,-,63.8,39256,18.1,22%,42 : 58,4,0.6042,0.6042,520,630,560,690,520,630,575,625,575,24,30,23,31,25,32,NULL,NULL,27,27,29,NULL,1211,1211,30167,0.6766,0.0322,0.0395,0.0482,0.0012,0.0009,0.0193,0.1636,0.0185
36,University of Massachusetts,57.1,31.7,62.6,77.8,52.8,62.9,56959,13,11%,49 : 51,4,0.6294,0.6294,540,640,570,670,NULL,NULL,590,620,NULL,24,29,NULL,NULL,NULL,NULL,NULL,NULL,27,NULL,NULL,NULL,1209,1209,21672,0.6685,0.0359,0.0482,0.0774,0.0013,0.0006,0.0232,0.0216,0.1232
37,Rice University,49.5,59,39.3,100,36.5,62,6333,9,26%,44 : 56,4,0.1674,0.1674,670,760,700,790,670,770,715,745,720,31,34,31,35,30,35,8,9,33,33,33,9,1454,1454,3920,0.3944,0.0643,0.1505,0.2138,0.0015,0,0.0469,0.1145,0.014
38,University of Pittsburgh,54.6,29.4,55.1,85.2,39.3,61.7,26485,5.8,10%,51 : 49,4,0.5613,0.6088,570,660,600,680,560,660,615,640,610,26,30,26,33,26,33,8,9,28,30,30,9,1258,1187,18304,0.7683,0.0546,0.0259,0.0752,0.0004,0.0005,0.0287,0.0333,0.013
39,Emory University,56.7,36.6,44.4,90.9,38.3,61.3,12338,4.5,18%,56 : 44,4,0.2633,0.2633,620,710,650,750,640,730,665,700,685,29,32,NULL,NULL,NULL,NULL,NULL,NULL,31,NULL,NULL,NULL,1363,1363,7705,0.4048,0.0924,0.0623,0.2204,0.0014,0.0001,0.0278,0.1508,0.04
40,Tufts University,52.6,39.6,36.4,94.8,39.4,59.1,10410,10,14%,54 : 46,4,0.1884,0.1884,680,750,690,770,680,770,715,730,725,30,33,NULL,NULL,NULL,NULL,NULL,NULL,32,NULL,NULL,NULL,1428,1428,5146,0.5657,0.0396,0.0639,0.1092,0.0004,0.0002,0.0433,0.0814,0.0962
41,University of Colorado Boulder,42.3,34.7,44.4,97.1,-,58.7,29325,16.1,8%,45 : 55,4,0.8771,0.8771,520,630,540,650,NULL,NULL,575,595,NULL,24,29,23,30,23,29,NULL,NULL,27,27,26,NULL,1192,1192,25461,0.7413,0.0169,0.0959,0.0518,0.0031,0.0006,0.0362,0.0376,0.0166
42,Michigan State University,51.8,36.8,56.8,73.8,32.6,58.3,44750,15.7,15%,51 : 49,4,0.6865,0.6865,420,580,550,690,460,580,500,620,520,23,28,23,29,23,28,8,9,26,26,26,9,1158,1158,37622,0.6967,0.0674,0.036,0.0423,0.0022,0.0006,0.024,0.1202,0.0107
43,University of Notre Dame,48.3,41.6,39.6,93.5,29.8,58.3,11829,13.8,10%,44 : 56,4,0.223,0.223,660,750,680,770,NULL,NULL,705,725,NULL,32,34,NULL,NULL,NULL,NULL,NULL,NULL,33,NULL,NULL,NULL,1450,1450,8466,0.7126,0.0357,0.1024,0.0601,0.0039,0.0001,0.039,0.0408,0.0054
44,"University of California, Irvine",44,35.2,47.2,90.3,42.1,58.2,26614,16.1,16%,52 : 48,4,0.4239,0.4239,460,600,530,670,490,620,530,600,555,21,27,20,27,23,29,NULL,NULL,24,24,26,NULL,1122,1122,23517,0.1739,0.0187,0.2171,0.4371,0.0016,0.0042,0.0396,0.0894,0.0184
45,"University of Maryland, College Park",44.9,40.4,51.4,83.9,32.1,57.9,31331,8.4,9%,48 : 52,4,0.4699,0.4699,580,690,620,730,NULL,NULL,635,675,NULL,NULL,NULL,NULL,NULL,NULL,NULL,NULL,NULL,NULL,NULL,NULL,NULL,1310,1310,26045,0.5368,0.1249,0.0887,0.1557,0.0012,0.0008,0.0362,0.0304,0.0253
46,University of Arizona,47,31.3,53.7,76.9,83.9,57.7,36429,12.7,8%,52 : 48,4,0.7692,0.7692,483,600,500,630,480,590,542,565,535,21,27,NULL,NULL,NULL,NULL,NULL,NULL,24,NULL,NULL,NULL,1106,1106,31399,0.5464,0.0333,0.2444,0.0561,0.0106,0.0021,0.0417,0.055,0.0104
47,"Rutgers, the State University of New Jersey",50.9,27.9,61.3,69.5,35.8,57.5,37032,17.3,8%,51 : 49,4,0.5951,0.5796,520,640,570,690,540,650,580,630,595,NULL,NULL,NULL,NULL,NULL,NULL,NULL,NULL,NULL,NULL,NULL,NULL,1210,1178,33427,0.4518,0.0767,0.123,0.2556,0.0008,0.0032,0.0331,0.0378,0.0179
48,University of Rochester,46,45.9,37.8,92.3,39.6,57.2,9390,4.5,26%,49 : 51,4,0.3568,0.3568,600,700,650,750,620,700,650,700,660,29,32,28,34,27,33,NULL,NULL,31,31,30,NULL,1353,1353,6047,0.5361,0.0475,0.0567,0.1052,0.0026,0.0008,0.0278,0.1507,0.0726
49,Case Western Reserve University,56.5,34.2,42,80.4,-,56.9,9259,6.4,17%,48 : 52,4,0.4188,0.4188,600,720,670,760,620,710,660,715,665,29,33,28,34,28,34,8,9,31,31,31,9,1377,1377,4551,0.5364,0.047,0.051,0.1868,0.0013,0.0002,0.0363,0.0824,0.0587
50,Vanderbilt University,51.5,27.5,40.9,85,53,56.6,12161,3.6,10%,52 : 48,4,0.1274,0.1274,700,780,710,790,680,770,740,750,725,32,34,32,35,30,35,8,10,33,34,33,9,1475,1475,6794,0.6057,0.0802,0.0792,0.0848,0.0038,0.0006,0.0489,0.0578,0.039
51,University of Virginia,55.9,27.9,43,73.5,48.6,55,23845,10.2,12%,52 : 48,4,0.2999,0.2999,620,720,630,740,620,720,670,685,670,29,33,29,34,28,34,8,9,31,32,31,9,1362,1362,15020,0.607,0.063,0.0579,0.1224,0.0013,0.0003,0.0429,0.0565,0.0486
52,"University of California, Santa Cruz",32.1,32.5,39.6,99.9,-,54.5,17404,22.7,1%,53 : 47,4,0.5991,0.5991,470,610,490,620,470,610,540,555,540,20,26,19,26,20,27,NULL,NULL,23,23,24,NULL,1087,1087,15695,0.368,0.0201,0.3019,0.2047,0.0017,0.0015,0.0698,0.0108,0.0215
53,University of Florida,52,31.2,62.9,56,-,54.5,50095,18.7,9%,54 : 46,4,0.4655,0.4655,580,670,590,690,570,680,625,640,625,26,31,25,32,25,30,8,9,29,29,28,9,1272,1272,32346,0.5843,0.074,0.1902,0.0754,0.0026,0.007,0.0282,0.0105,0.0277
54,Dartmouth College,47.5,31.5,35.9,87,38.6,54.4,6178,6.6,16%,47 : 53,4,0.0978,0.0978,670,780,680,780,680,790,725,730,735,30,34,NULL,NULL,NULL,NULL,NULL,NULL,32,NULL,NULL,NULL,1446,1446,4154,0.4685,0.0655,0.0763,0.1399,0.0197,0.0005,0.0546,0.084,0.091
55,Indiana University,48.3,36,44.2,72.5,-,53.2,62468,13.6,13%,53 : 47,4,0.7217,0.7217,520,630,540,660,510,620,575,600,565,24,30,24,31,24,30,7,8,27,28,27,8,1198,1198,31984,0.7313,0.0406,0.0438,0.0384,0.0012,0.0007,0.031,0.1075,0.0056
56,University of Utah,43.3,25.2,41.3,81,63.3,53.2,25674,16.9,9%,45 : 55,4,0.8174,0.8174,483,620,500,648,480,610,552,574,545,21,27,20,28,19,27,7,8,24,24,23,8,1109,1109,23273,0.7156,0.0122,0.0938,0.0505,0.0054,0.0059,0.0319,0.0664,0.0182
57,Arizona State University,38.4,27.4,45.2,79.9,31.8,51.9,83236,29.9,9%,50 : 50,4,0.8023,0.7626,500,620,520,650,NULL,NULL,560,585,NULL,22,28,21,28,23,28,NULL,NULL,25,25,26,NULL,1145,1108,38480,0.5755,0.0398,0.1853,0.0677,0.0136,0.0025,0.0376,0.0715,0.0066
58,Boston College,34.5,52.4,33.2,88.7,-,51.6,13216,17.4,19%,54 : 46,4,0.3222,0.3222,620,710,650,740,640,730,665,695,685,30,33,29,34,28,33,8,10,32,32,31,9,1375,1375,9465,0.5797,0.0432,0.1055,0.0937,0.0007,0.0003,0.028,0.052,0.0968
59,"University of California, Riverside",29.1,62.8,32.5,90.3,33.5,51.1,20626,22,12%,51 : 49,4,0.62,0.62,470,580,500,630,480,590,525,565,535,20,25,19,25,20,27,NULL,NULL,23,22,24,NULL,1078,1078,18612,0.1442,0.0487,0.3589,0.3615,0.0016,0.0039,0.0354,0.0315,0.0145
60,Texas A&M University,46.4,47.2,58.3,49.3,45.5,50.9,50657,21.4,9%,47 : 53,4,0.6947,0.6947,520,630,550,660,490,610,575,605,550,23,29,22,29,24,29,6,8,26,26,27,7,1182,1182,43931,0.6791,0.0275,0.1964,0.0495,0.0029,0.001,0.0288,0.013,0.0019
61,Yeshiva University,51.7,28.4,30.1,78.8,-,50.9,6753,5.5,7%,53 : 47,4,0.8216,0.8216,550,680,550,690,540,670,615,620,605,23,29,24,31,22,29,NULL,NULL,26,28,26,NULL,1217,1217,2887,0.9193,0.0007,0.0042,0.0007,0,0,0.0035,0.0578,0.0139
62,Stony Brook University,38.8,52.8,29.9,82.9,31.6,50.2,21908,10.9,24%,50 : 50,4,0.3948,0.3948,550,650,600,700,540,650,600,650,595,26,30,24,30,26,31,7,8,28,27,29,8,1253,1253,15724,0.3782,0.0614,0.1032,0.2447,0.0015,0.0015,0.0224,0.0984,0.0887
63,University of Delaware,30,37.3,41.6,76.6,97.7,49.7,19262,15.9,10%,56 : 44,4,0.6468,0.6468,520,630,540,650,520,630,575,595,575,24,29,23,29,24,29,8,9,27,26,27,9,1178,1178,17729,0.7529,0.0531,0.0694,0.0426,0.0007,0.0011,0.0264,0.0416,0.0121
64,University of Texas at Dallas,32.6,46.8,32.2,85.2,40,49.5,16306,22.8,23%,44 : 56,4,0.5857,0.5857,550,670,600,700,NULL,NULL,610,650,NULL,25,31,24,32,26,32,NULL,NULL,28,28,29,NULL,1262,1262,13042,0.4035,0.0636,0.1677,0.265,0.0021,0.002,0.0389,0.0432,0.014
65,George Washington University,48.1,36.6,28,77.1,30,49.4,20541,12,16%,56 : 44,4,0.3308,0.3308,600,690,600,700,610,700,645,650,655,27,31,27,33,26,31,8,9,29,30,29,9,1297,1297,10121,0.6026,0.0653,0.0739,0.0948,0.002,0.0007,0.033,0.0879,0.0398
66,University of Iowa,49,26.4,40.9,65.7,-,49.3,27526,11.6,11%,52 : 48,4,0.8023,0.8023,540,620,620,680,NULL,NULL,580,650,NULL,25,28,25,28,25,28,NULL,NULL,27,27,27,NULL,1208,1208,21314,0.7159,0.0276,0.059,0.0303,0.0019,0.0009,0.0241,0.1,0.0403
67,Georgetown University,56.4,32.9,35.6,59.8,-,48.9,15408,8.5,14%,53 : 47,4,0.1697,0.1697,650,750,660,750,NULL,NULL,700,705,NULL,29,33,NULL,NULL,NULL,NULL,NULL,NULL,31,NULL,NULL,NULL,1398,1398,7261,0.5886,0.0638,0.0788,0.0919,0.0014,0.0008,0.0394,0.1073,0.0281
68,Rensselaer Polytechnic Institute,36.2,32.9,40.2,73,66.8,48.9,6671,15,16%,30 : 70,4,0.412,0.412,620,720,670,768,NULL,NULL,670,719,NULL,27,31,NULL,NULL,NULL,NULL,NULL,NULL,29,NULL,NULL,NULL,1366,1366,5379,0.6492,0.0232,0.0682,0.0996,0.0011,0.0006,0.0625,0.0736,0.0219
69,Colorado School of Mines,24.9,51.2,22.5,94.3,66,48,5287,18.2,12%,26 : 74,4,0.3743,0.3743,570,670,630,720,550,650,620,675,600,27,31,25,31,27,32,NULL,NULL,29,28,30,NULL,1298,1298,4197,0.7529,0.0117,0.0803,0.0467,0.0019,0.0002,0.0422,0.0434,0.0207
70,University of Illinois at Chicago,53.9,29.1,42.6,52.9,40.4,48,24313,9.2,17%,53 : 47,4,0.714,0.714,490,600,510,640,NULL,NULL,545,575,NULL,21,26,21,27,22,27,NULL,NULL,24,24,25,NULL,1092,1092,16601,0.3791,0.0781,0.2474,0.2251,0.0014,0.0042,0.0245,0.0197,0.0205
71,William & Mary,41.3,25.8,22.6,87.1,29.9,48,7867,11.8,7%,54 : 46,4,0.3321,0.3321,640,740,630,720,620,720,690,675,670,28,32,28,34,27,32,8,9,30,31,30,9,1358,1358,6235,0.595,0.0714,0.0914,0.0682,0.0019,0.0008,0.0472,0.0419,0.0823
72,Iowa State University,35.7,30.5,34.3,74.9,44,46.9,29991,17.4,11%,44 : 56,4,0.8252,0.8252,460,620,530,680,NULL,NULL,540,605,NULL,22,28,21,28,22,28,NULL,NULL,25,25,25,NULL,1145,1145,27112,0.7724,0.0253,0.0429,0.0269,0.0021,0.001,0.0195,0.0732,0.0367
73,University of Miami,48.7,33.1,27,69.7,-,46.9,15286,5.7,14%,50 : 50,4,0.4044,0.4044,600,700,630,720,590,690,650,675,640,28,32,29,34,27,33,NULL,NULL,30,32,30,NULL,1332,1332,11246,0.4302,0.0728,0.2171,0.0538,0.0015,0.0012,0.0268,0.1344,0.0623
74,University at Buffalo,46.3,50.7,40.6,52.1,42.4,46.6,25668,19,19%,47 : 53,4,0.5652,0.5652,500,600,550,660,NULL,NULL,550,605,NULL,23,28,NULL,NULL,NULL,NULL,NULL,NULL,26,NULL,NULL,NULL,1158,1158,19365,0.4951,0.0675,0.0663,0.1286,0.0021,0.0008,0.0203,0.1637,0.0557
75,Brandeis University,27.3,45.3,27.9,83.1,37.4,-,5495,12.6,22%,55 : 45,4,0.3704,0.3704,600,710,630,760,620,720,655,695,670,28,32,28,34,27,34,8,9,30,31,31,9,1347,1347,3603,0.501,0.0516,0.0655,0.1243,0.0006,0,0.028,0.1482,0.0808
76,Northeastern University,40.1,41,21.2,76.4,33.8,-,18539,15.1,26%,50 : 50,4,0.3231,0.3231,640,730,660,750,640,720,685,705,680,30,33,NULL,NULL,NULL,NULL,NULL,NULL,32,NULL,NULL,NULL,1394,1394,13204,0.4951,0.0344,0.0663,0.0996,0.0008,0.0002,0.0354,0.1761,0.0922
77,University of Georgia,45.4,36.2,40.1,46.8,31.3,-,33119,19.9,7%,57 : 43,4,0.5608,0.5608,560,660,580,670,570,670,610,625,620,26,30,25,32,25,29,7,8,28,29,27,8,1247,1247,26120,0.7297,0.074,0.052,0.0895,0.0009,0.0011,0.0299,0.0122,0.0107
78,Florida Institute of Technology,16.2,58.4,11.9,92.5,28.7,-,4408,13.7,26%,34 : 66,4,0.6045,0.6045,500,610,530,650,NULL,NULL,555,590,NULL,23,28,21,28,23,29,NULL,NULL,26,25,26,NULL,1153,1153,3191,0.4253,0.0526,0.0611,0.0185,0.0009,0.0013,0.0229,0.3027,0.1147
79,Tulane University,42.8,31.2,22.6,66.8,-,-,11381,8.4,8%,56 : 44,4,0.2643,0.2643,620,700,620,700,630,720,660,660,675,29,32,29,34,27,32,NULL,NULL,31,32,30,NULL,1341,1341,8290,0.718,0.0901,0.0585,0.0364,0.0039,0.0008,0.0293,0.0303,0.0327
80,University of Cincinnati,34.9,23.9,26.5,69.5,35.8,-,36108,15.7,6%,54 : 46,4,0.7325,0.7325,490,620,510,640,490,600,555,575,545,22,28,22,28,23,28,6,8,25,25,26,7,1141,1141,23360,0.7647,0.0764,0.026,0.0296,0.0022,0.001,0.0226,0.0412,0.0362
81,University of Missouri,40.4,30.8,45.8,45.2,31.1,-,29885,14.1,5%,53 : 47,4,0.7861,0.7861,520,640,520,650,NULL,NULL,580,585,NULL,23,28,23,29,23,27,NULL,NULL,26,26,25,NULL,1165,1165,26585,0.7989,0.0822,0.0332,0.0224,0.0025,0.0005,0.0253,0.0273,0.0077
82,University of South Florida,32.6,19.7,42,48.4,98.9,-,31424,21.5,10%,,4,0.4524,0.4499,530,620,550,640,510,610,575,595,560,23,28,23,28,24,27,7,8,26,26,26,8,1168,1154,30376,0.5493,0.1106,0.1961,0.0603,0.0021,0.0029,0.0322,0.0317,0.0147
83,University of Connecticut,42.5,40.5,29.7,50,32.6,-,25742,13,11%,51 : 49,4,0.5366,0.5321,550,650,580,680,NULL,NULL,600,630,NULL,25,30,NULL,NULL,NULL,NULL,NULL,NULL,28,NULL,NULL,NULL,1233,1215,17684,0.6349,0.0522,0.0784,0.0882,0.0014,0.0007,0.0256,0.0344,0.0843
84,University of Oregon,31.5,30.2,21.7,70.4,-,-,24418,20.2,11%,52 : 48,4,0.7417,0.7417,490,600,500,620,NULL,NULL,545,560,NULL,22,27,21,27,22,27,NULL,NULL,25,24,25,NULL,1108,1108,20473,0.6425,0.0199,0.0813,0.0513,0.0052,0.0048,0.0584,0.1242,0.0126
85,Colorado State University,30.8,29.8,32,55.8,-,-,26769,19,5%,52 : 48,4,0.7743,0.7743,510,620,510,630,NULL,NULL,565,570,NULL,22,27,22,28,22,27,NULL,NULL,25,25,25,NULL,1127,1127,22482,0.7495,0.021,0.096,0.019,0.0033,0.0009,0.0346,0.0251,0.0504
86,Drexel University,34.7,36.6,14.9,65.1,34.7,-,20713,10.8,18%,48 : 52,4,0.815,0.815,510,630,560,680,520,630,570,620,575,24,30,23,30,24,30,7,9,27,27,27,8,1197,1197,16257,0.5657,0.064,0.0564,0.1257,0.0015,0.0063,0.0263,0.1273,0.0267
87,Oregon State University,27.1,34.2,24.2,64.1,31,-,22578,16.8,9%,47 : 53,4,0.7894,0.7894,480,600,490,630,NULL,NULL,540,560,NULL,21,27,20,27,21,28,NULL,NULL,24,24,25,NULL,1102,1102,22349,0.6897,0.0128,0.0733,0.0662,0.0069,0.0042,0.0575,0.057,0.0325
88,University of Kansas,36.1,28.1,20.5,57.2,34.5,-,,,,,4,0.9228,0.9228,NULL,NULL,NULL,NULL,NULL,NULL,NULL,NULL,NULL,22,28,21,28,22,28,NULL,NULL,25,25,25,NULL,1145,1145,18731,0.7481,0.0407,0.0641,0.0391,0.0053,0.001,0.0421,0.0521,0.0075
89,University of Montana,28.9,24.9,14.9,72.1,34.1,-,12470,15.2,3%,54 : 46,4,0.9423,0.9423,490,620,480,590,470,590,555,535,530,21,26,20,26,20,26,NULL,NULL,24,23,23,NULL,1090,1090,11630,0.8045,0.0076,0.0391,0.0119,0.0308,0.0021,0.0391,0.0193,0.0457
90,University of South Carolina,37.5,31.3,28,53.2,30.8,-,29336,16.3,1%,55 : 45,4,0.606,0.6132,540,640,560,650,NULL,NULL,590,605,NULL,24,29,23,31,23,28,NULL,NULL,27,27,26,NULL,1200,1178,23987,0.7709,0.1016,0.0406,0.0228,0.0025,0.0011,0.0321,0.0113,0.0173
91,Virginia Polytechnic Institute and State University,38.5,27.8,44.4,37.2,27.9,-,30850,18.6,10%,42 : 58,4,0.7028,0.7028,540,640,580,680,540,640,590,630,590,NULL,NULL,NULL,NULL,NULL,NULL,NULL,NULL,NULL,NULL,NULL,NULL,1220,1220,23928,0.7182,0.0349,0.0512,0.0848,0.0016,0.0013,0.0403,0.0382,0.0295
92,Creighton University,42.4,26,9.3,61,-,-,7086,8.3,2%,57 : 43,4,0.7665,0.7665,520,640,540,660,500,620,580,600,560,24,30,24,32,24,29,8,9,27,28,27,9,1214,1214,3943,0.7375,0.0249,0.0697,0.0933,0.0048,0.0036,0.0401,0.018,0.0081
93,North Carolina State University,34.8,29.2,28.8,47.6,35.7,-,30533,13.6,11%,44 : 56,4,0.5001,0.5001,550,640,590,670,520,620,595,630,570,25,30,24,30,25,30,7,8,28,27,28,8,1229,1229,22977,0.7512,0.0691,0.0427,0.0523,0.0045,0.0006,0.0314,0.0267,0.0215
94,University of Kentucky,39.1,21.7,27.8,45.5,-,-,,,,,4,0.6861,0.6861,490,610,500,630,NULL,NULL,550,565,NULL,22,28,22,30,22,28,NULL,NULL,25,26,25,NULL,1140,1140,21050,0.778,0.0779,0.0326,0.0247,0.0017,0.0007,0.0285,0.0262,0.0298
95,University of Vermont,28.5,19.9,20.6,58.6,-,-,,,,,4,0.7755,0.7755,540,640,540,650,540,650,590,595,595,24,29,23,30,24,28,8,9,27,27,26,9,1190,1190,9970,0.834,0.0115,0.0427,0.0221,0.0027,0.0002,0.0294,0.0202,0.0372
96,Washington State University,29.9,33.9,30.6,47.1,55.8,-,24550,18.3,7%,50 : 50,4,0.8208,0.8208,450,570,460,580,440,550,510,520,495,19,25,18,25,18,25,NULL,NULL,22,22,22,NULL,1030,1030,22825,0.6648,0.0331,0.1065,0.0526,0.0063,0.0042,0.0686,0.0426,0.0214
97,Wayne State University,34.3,28.1,16.2,58.4,-,-,23065,10.7,7%,57 : 43,4,0.7624,0.7624,NULL,NULL,NULL,NULL,NULL,NULL,NULL,NULL,NULL,19,26,19,26,18,26,NULL,NULL,23,23,22,NULL,1050,1050,17789,0.5317,0.2136,0.0417,0.0783,0.004,0.0013,0.0262,0.025,0.0783
98,George Mason University,27.2,34.9,19.7,53,28.2,-,26622,17,7%,54 : 46,4,0.6203,0.6203,520,620,530,630,NULL,NULL,570,580,NULL,24,28,23,29,23,27,NULL,NULL,26,26,25,NULL,1155,1155,21324,0.4576,0.0962,0.1167,0.174,0.0016,0.0048,0.0461,0.0417,0.0613
99,Lehigh University,26,30.4,19.7,50.6,40.1,-,6300,11.3,15%,44 : 56,4,0.3084,0.3084,580,670,640,740,NULL,NULL,625,690,NULL,28,32,NULL,NULL,NULL,NULL,NULL,NULL,30,NULL,NULL,NULL,1322,1322,4904,0.6876,0.0336,0.0805,0.0695,0.0006,0,0.0269,0.0681,0.033
100,Southern Methodist University,18.6,35.2,9,67.3,-,-,,,,,4,0.507,0.507,600,690,620,700,590,680,645,660,635,27,31,27,33,26,32,8,9,29,30,29,9,1302,1302,6295,0.6556,0.055,0.1172,0.0672,0.0043,0.0011,0.0295,0.0667,0.0033
101,Temple University,37.2,20.1,18.8,43.3,-,-,33268,13.3,5%,51 : 49,4,0.6387,0.6387,500,610,510,620,500,610,555,565,555,22,27,21,28,22,27,6,8,25,25,25,7,1121,1121,27511,0.6028,0.1352,0.0542,0.1011,0.0019,0.0009,0.0232,0.0348,0.0458
102,University of Houston,37.5,32.6,25,35,35.7,-,40325,43.7,9%,50 : 50,4,0.5841,0.5841,490,610,540,640,NULL,NULL,550,590,NULL,22,27,20,27,23,27,NULL,NULL,25,24,25,NULL,1136,1136,30357,0.2843,0.1155,0.2998,0.2122,0.0015,0.0026,0.0311,0.0464,0.0067
103,University of Oklahoma,36.8,24.2,17.8,42.9,33.9,-,,,,,4,0.8044,0.8044,500,630,530,650,NULL,NULL,565,590,NULL,23,29,22,30,23,28,NULL,NULL,26,26,26,NULL,1176,1176,20528,0.6248,0.049,0.0885,0.056,0.0419,0.0018,0.0646,0.0388,0.0347
104,University of Texas at San Antonio,17.3,28.6,17.6,66.2,32.2,-,27520,26.9,6%,48 : 52,4,0.7327,0.7327,450,570,490,590,440,540,510,540,490,20,25,18,24,19,26,6,8,23,21,23,7,1050,1050,23840,0.2772,0.0934,0.487,0.0532,0.0016,0.0018,0.0273,0.0477,0.0109
105,University of Wyoming,18.6,28.1,24.2,47.5,30.9,-,,,,,4,0.9569,0.9569,480,610,500,630,NULL,NULL,545,565,NULL,22,27,21,27,21,27,NULL,NULL,25,24,24,NULL,1123,1123,9969,0.8108,0.0117,0.0605,0.0112,0.0066,0.0029,0.0221,0.0385,0.0356
